prompt,completion
"对，而且我还拒绝了。因为用不上他家储蓄卡

###

"," Negative
"
"拿到了，单子上都没写额度，打电话问客服，说要去面签后才知道，以前不是的

###

"," Neutral
"
"建行的优势绝对不在信用卡上

###

"," Positive
"
"我的也还在审核中，太糟心了

###

"," Negative
"
"大佬，看字，申请未通过。伤心

###

"," Negative
"
"这点额度也算高？？？菜卡

###

"," Negative
"
"第一次申请民生银行信用卡，还是选一个金卡，稳妥点

###

"," Positive
"
"你想giao哪一个，工商银行的信用卡都不错

###

"," Positive
"
"这个是标准白金卡，可以刷vip号，外币结算自动结汇为人民币入账，非美元的外币消费免转换费（1.5%），免年费卡里的战斗机

###

"," Positive
"
"广发分期套路太多了

###

"," Negative
"
"准备申请军魂卡，或者奋斗卡

###

"," Neutral
"
"我首卡都是6万??融E借额度11万??我想调平信用卡额度??去申请二卡故宫白金??额度才30000??搞笑呢

###

"," Negative
"
"新户礼都是虚的，你不可能只刷一次卡吧？

###

"," Negative
"
"我都用起来了。卡板他慢慢制吧。我不着急

###

"," Neutral
"
"恭喜下卡，额度巅峰

###

"," Positive
"
"试试，如果在降低就没办法了，恶性循环

###

"," Negative
"
"今天招行被盗刷，处理迅速，直接免赔

###

"," Positive
"
"交通30k

###

"," Neutral
"
"头一次见跟机器人说话的，工行大厅就放了一个机器人

###

"," Neutral
"
"你找客服有说要投诉到银监会去吗？招行的客服硬气

###

"," Neutral
"
"你转个一块钱试试，一块钱都转不出，那就是拉黑了。

###

"," Negative
"
"消费分期吧，我今天分了36

###

"," Neutral
"
"48期应该可以了，我的招商本金6万逾期2期了还没有协商成功

###

"," Negative
"
"刚申请个兴业信用卡，填完资料3分钟就通过了，估计额度很低

###

"," Positive
"
"史上最无耻最闪烁的银行不安全。之前用他家的卡他

###

"," Negative
"
"我到现在也没提过卡。额度很难提的

###

"," Neutral
"
"我能等半年，看看会不会自动解封吗？？？

###

"," Neutral
"
"你就是刷34800米粉店，银行都不会过问，看你自己的资源，频繁度

###

"," Neutral
"
"建行生活也不错

###

"," Positive
"
"还好我8大银行都办齐了！！赞赞

###

"," Positive
"
"等你消息，我的交通银行沃尔玛卡已经批啦

###

"," Positive
"
"新规定下反复购买赎回没有益处了

###

"," Neutral
"
"你们的兴业有没有乱扣款的现象？

###

"," Neutral
"
"邮政有水，恒丰有水，广发有水，冲！

###

"," Positive
"
"查了显示有积分mcc正常。又没在天书

###

"," Neutral
"
"我半年内就一个查询，今天本来想申请的，还是没敢申，怕过不了，好难

###

"," Negative
"
"还有超过36的吗?额度都这么低么

###

"," Negative
"
"需要PS直说，要啥时间就啥时间，技术还是不错的

###

"," Positive
"
"恭喜，我现在是小黑，无临额但有分期，今年二月份下的卡，额度跟你一样，借老哥运气能到时候额度也跟我一样啊

###

"," Positive
"
"你好，逾期这么久没有起诉吗？我也是招商逾期，本金加信用卡二十几万

###

"," Negative
"
"我有张上海交大的，额度还挺高

###

"," Positive
"
"工行没什么权益和羊毛，只有境外返现好像……下卡5W，四年没提过

###

"," Negative
"
"就像中行0001，原来是年消费2万免年费，现在APP显示消费满12笔就免。????你要是打中行客服，他们有可能告诉你0001消费2万免年费。...

###

"," Neutral
"
"我办的也是招行的信用卡，我个人觉得最大的优点就是给我省钱。我平时拿积分去换换咖啡啊和男朋友去看看电影啊，感觉挺不错的

###

"," Positive
"
"老哥不容易，加油。等你中化的社保满了半年就可以考虑用新资料申请了

###

"," Positive
"
"你是指民生不会提，还是所有的他行都不会提

###

"," Negative
"
"突然感觉招商看不起我

###

"," Negative
"
"酣畅淋漓一气呵成呀！恭喜，申卡都这样才好，要么拒，要么秒批下卡。

###

"," Positive
"
"还要存钱，也就是坑钱。。这么坑

###

"," Negative
"
"请问资质？社保公积金代发工资？存款？房贷？谢谢

###

"," Neutral
"
"他这种现在很多银行都有，就是类似于平安的金童卡之类的，这种真正意义上不能算做什么信用卡，应该说是贷款，只是利息按天来收取...

###

"," Neutral
"
"他会送你一个新的卡?你也可以主动改变?应该是可以的，这个看自己需求吧，我觉得不错

###

"," Positive
"
"我也分期下卡。从来没提过额度。

###

"," Neutral
"
"本人近日误入广发银行的坑，以此教训‼️建议大家以后慎入广发银行信用卡‼️‼️

###

"," Negative
"
"利率是真香

###

"," Positive
"
"明明是你违反领用合约在先，结果反过头来投诉银行什么鬼。

###

"," Neutral
"
"欠钱不还难道不是活该？没有还款能力还敢大笔花钱，摆明了相当老赖

###

"," Negative
"
"这额度这年费，都让人上头

###

"," Negative
"
"我看到过一个案例啊。也是逾期很久直到被起诉了，银行也不敢动他储蓄卡里面的钱。最后法院判了用储蓄卡里面的钱强制还一部分，留一部分生活用。...

###

"," Negative
"
"微信支付宝刷??其他绑定不了

###

"," Neutral
"
"要不是民生耐操，我也销了，怎着刷都没电话来。分不值钱，不提额，也就这样了

###

"," Negative
"
"没出结果，也没电话回访，就稳了？

###

"," Neutral
"
"这就有点过分了，装修中突然不给了，这不是坑人吗？这种情况好像可以起诉他们

###

"," Negative
"
"招商银行的朝朝盈还是不错的

###

"," Positive
"
"我也是，一次性还款只肯减免违约金3600，利息差不多20000一分不少。我没同意。昨天投诉了，今天来电话要我撤诉，然后他跟总行那边申请减免。我就担心最后还是不给减免，...

###

"," Negative
"
"回访了吗？我工行的三天了都没回放呢

###

"," Neutral
"
"最近有张兴业卡不错，大白金2600元年费可以免

###

"," Positive
"
"在工行信用卡体系中，有好批好用的无界数字卡

###

"," Positive
"
"招商的额度不稳定，都不敢用了，以后给了临时额度，也还是不用的好。

###

"," Negative
"
"在你家附近做个地址，很方便的

###

"," Neutral
"
"千万别用广发 一用就后悔 他的所有业务都是坑

###

"," Negative
"
"什么都不用卡行。?这取决于具体的卡物种?上线很久了，但是没有人觉得好看

###

"," Neutral
"
"原来如此。。。老哥我再问下，卡账单一万，全额还了1万，然后又刷了出来，这样会有利息吗？

###

"," Neutral
"
"那些说刷卡消费时爽，还款时候痛苦的网友，这不是招商银行信用卡的锅，这是整个信用卡的特征！如果不能克制自己的消费欲望，那么可以考虑不办信用卡，而不是埋怨信用卡给自己带来痛苦。

###

"," Negative
"
"广发首卡必选犀利。返现给力方便。100我都薅了4年了。一年1200

###

"," Positive
"
"不是吧！我办的浦发的还是很快的

###

"," Positive
"
"不错的卡面

###

"," Positive
"
"已经到账，感谢各位老板

###

"," Positive
"
"非常方便，没必要，就算改了发卡，线分还是II卡，可以激活手机。

###

"," Positive
"
"我的零临时刚到期是不是下个月就可以提固定了？

###

"," Neutral
"
"有啊明明显示2次机会??点开却不行，这是为啥啊，好烦

###

"," Negative
"
"兴业银行好快啊，秒批额度38000元

###

"," Positive
"
"今天还了一半，剩下25000分期了，我的分期手续费特别高，年化13.59了

###

"," Negative
"
"老哥，你这个授信批2w叫放水？别误导人

###

"," Neutral
"
"平安只有8连

###

"," Neutral
"
"转账用。所以我觉得还是中行的最好，什么都不需要。APP也还行。

###

"," Positive
"
"申他干嘛，换家，那么多银行，非要在浦发挂死

###

"," Negative
"
"云闪付比这个麻烦

###

"," Negative
"
"每天都是几百块。刚刷了一次，收到短信3985元。啊哈，交通银行还是很靠谱的

###

"," Positive
"
"我都是秒批，很惊喜

###

"," Positive
"
"后面额度不知道好提不，据说5万以上不会提额，困难

###

"," Negative
"
"需要什么资料啊，我来准备下，安心些

###

"," Neutral
"
"工行额度挺高额！

###

"," Positive
"
"我个人推荐YE白，好下卡

###

"," Positive
"
"中行的房贷，e贷秒通过，20万额度

###

"," Neutral
"
"朋友没有，我有，信用卡额度还不错哦

###

"," Positive
"
"滴滴。我上车了。不知道卡片寄来我还能薅到吗，希望是可以的，薅羊毛很开心的

###

"," Positive
"
"并没有，招行的朝朝盈稳健还是可以的

###

"," Positive
"
"6万额度能高了，所以回去起诉你。真的起诉了？

###

"," Negative
"
"人生第一张信用卡就是建行的，标准金卡18000的额度很满意

###

"," Positive
"
"印象特别深，这是我第一张金卡，2008年我办下来了，也是我见过最漂亮的卡，没有之一，金灿灿的龙，看得心醉

###

"," Positive
"
"我刚查建行所有预审批都是暂无，也是醉了……工资卡社保卡公积金卡都是建行，一年流水保守也有25，前几年给我下了个信用卡，额度才2000……直接注销了，后面信用卡再也不成功了

###

"," Negative
"
"楼主什么时候完成任务的？现在，我的到了。开心啊

###

"," Positive
"
"分了就难提额了

###

"," Negative
"
"你是不好意思打击我么??，好伤心，直接关系到新工作的能不能留下的问题

###

"," Negative
"
"当时办卡就搬了20砖，主要是100万的行驶证有作用，额度还是满意的

###

"," Neutral
"
"颜值还是不错滴

###

"," Positive
"
"对，我是50k，满意了

###

"," Positive
"
"随你，想giao哪个giao哪个，反正都是不错的，看个人需求了

###

"," Positive
"
"招商外包。如果你必须全额偿还，他们应该得到佣金。

###

"," Negative
"
"恭喜，后期三加一

###

"," Positive
"
"不仅刷卡会限制，还款还会限制，，还不给涨额度，积分屁用没有。这种银行他怎么不倒闭呢

###

"," Negative
"
"刷了三十万多，也没说不让我刷啊，交通还不错

###

"," Positive
"
"你都试过啥协商??等我如果协商下来告诉你

###

"," Neutral
"
"楼主，从哪里申请的？这个额度喜人啊

###

"," Positive
"
"储蓄卡可以，招商的手机银行挺好用，比较适合你。

###

"," Positive
"
"办下来都是菜卡，卡多不好养！请问中信刷卡姿势？谢谢

###

"," Negative
"
"农行炫萌萌白金信用卡你值得拥有

###

"," Positive
"
"说没卡了，让办其他的，建行逗都

###

"," Negative
"
"确定，之前用过，还打电话给我索要，我说过几天给，然后没后续了，银行坑不坑

###

"," Negative
"
"我上月给的临时，这月不能提呀。怎么回事

###

"," Neutral
"
"小白卡不用上门。直接带着身份证去网点就好了。会让你开储蓄卡。你说不需要就好了

###

"," Neutral
"
"说移动操作要截取高频是有道理的！不过这个电话属于交行合作

###

"," Neutral
"
"这次坑定了

###

"," Negative
"
"兴业不错

###

"," Positive
"
"中信的利息有名的贵

###

"," Negative
"
"一般不会，白金卡还是很好用的

###

"," Positive
"
"小昭就是很慢

###

"," Negative
"
"权益是越来越少啊

###

"," Negative
"
"卡很难批。?我申请了15.8的名额，但是两次都没批，只是因为

###

"," Negative
"
"招行都换我5年黑屋了。他废我还怕他？？！

###

"," Negative
"
"卡员工申请，在银行上班就是好啊

###

"," Neutral
"
"我是3个月2次过的，开心的很

###

"," Positive
"
"不是扣款吧，就是固定额度，圆梦斤这些每个月在扣，你明天再问问，既然收了圆梦金的利息，凭什么不声不响就收回

###

"," Negative
"
"乌鲁木齐的吗？我也是啊，额度还是很满意的

###

"," Positive
"
"已经成功，额度10万

###

"," Positive
"
"为什么我发的不显示

###

"," Neutral
"
"广发金7.8k（17.9)~12k(18.8.3)

###

"," Positive
"
"直接网上申请。?民生普遍不错，筹集的金额也比较稳定

###

"," Positive
"
"招行还是支付宝最稳，动物都没他靠谱，天书太牛逼了

###

"," Positive
"
"别的不知道，建行APP属实难用。和招行广发完全不在一个水平

###

"," Negative
"
"读大学的时候办的young卡

###

"," Neutral
"
"手持经典白，印象中权益除了用了两次300+，2-3次银行休息室。其他也真没怎么充分使用，上周江浙飞机晚点取消的多，我也赶上了，晚点8个小时。报了延误险，一周多一点时间，赔付到账。高兴高兴

###

"," Positive
"
"那我周六周日收的全都没到。。。坑啊

###

"," Negative
"
"这个可以直接刷卡消费吗

###

"," Neutral
"
"这不科学，一般人浦发信用卡都是3万额度起呀

###

"," Negative
"
"查了征信

###

"," Neutral
"
"不能延期，只能用一个月，到期全额还。一定按这个来。否则你就永远入坑了。吃过这个亏，因为10w临额全部崩盘

###

"," Negative
"
"我4星加常年10几个小砖，他拒我76次，最近一年流水大概700多万吧，没见过那个预审批额度出来，我还是白户呢，应该不存在卡多问题，也没有贷款逾期，申什么拒什么，估计没人...

###

"," Negative
"
"不记仇吧，我之前销卡后前几个月申请又下了，只是额度更少了

###

"," Neutral
"
"如果逾期时间较长，逾期金额较大，就是把你加入银行黑名单，从此再也不能申请建行信用卡。

###

"," Negative
"
"光大_50k广发_46k邮政_40k建行_20k

###

"," Neutral
"
"鼎力支持身边的人注销兴业银行信用卡

###

"," Negative
"
"我每个账单周期都是刷掉总额度的80％，提额很快。

###

"," Positive
"
"单标我有了，最近visa双标返现活动好

###

"," Positive
"
"是的我也是这样感觉，资质可以就能申请到不错的额度

###

"," Positive
"
"搬那么多砖都才这么点额度？太小气了吧

###

"," Negative
"
"工行提额最成功且额度提升最大的方法莫过于工行的曲线提额

###

"," Positive
"
"我都是云闪付，没超过1000的，也提到10万了

###

"," Neutral
"
"那要咋办呢。蒙圈了

###

"," Neutral
"
"一般基金的话，自己多看多了解

###

"," Neutral
"
"上大学那会办过几张移动卡，都没正常销户，后来都欠费停机，后来就拉黑了。

###

"," Negative
"
"过了再说吧，额度靠后

###

"," Neutral
"
"因为我希望??工商银行还是比较靠谱的吧

###

"," Positive
"
"哈哈提额对我来说无所谓了。目前准备了100砖准备重推四大行了。其它行都准备销卡了。

###

"," Neutral
"
"楼主勾起了我们刚毕业时候的回忆，工资不高的时候，要想吃顿大餐就是到处去找优惠券，当时我用的也是招行信用卡，周三五折美食，要比支付宝口碑、大众点评优惠太多了

###

"," Positive
"
"费率低有什么用，还不知道能不能过呢，五六天了没反应

###

"," Negative
"
"要变天了么？搞的好心累啊

###

"," Negative
"
"老哥，这个道理我都懂，就是难啊，家家有本难念的经。不知道还3个月最低能不能了，三个月能还上25000。

###

"," Negative
"
"会上门我的1.7万今天上门了，还比较满意

###

"," Neutral
"
"每期账单刷多少笔？账单刷百分之多少？

###

"," Neutral
"
"还傻傻的养农业银行流水

###

"," Negative
"
"头铁继续申千秋，下了20k，额度还是不错的

###

"," Positive
"
"我六万才三个月就要拘留我，工行牛逼啊

###

"," Negative
"
"此事仍未解决????银行的效率好低

###

"," Negative
"
"成功率不高呗

###

"," Neutral
"
"菜卡，去特么的，无语平安

###

"," Negative
"
"建议别激活，激活就代表你认可额度了。建议申2卡，如果你行不多另外短期没有申请其它银行的情况下。记得走无卡通道，就是补充完整资料那个。。...

###

"," Neutral
"
"貌似即使不达标星级最撇也会保持在4星？应该是的，工商的星际就保持的不错

###

"," Positive
"
"不要怕，专心工作就结束了。他最多只能起诉。

###

"," Neutral
"
"我的反正批了，没有任何为难，就问了一些简单的问题。。。

###

"," Positive
"
"更新8,000cc以上硬币不等于100e卡。不知道下次什么时候发货

###

"," Neutral
"
"别来这造谣了。你这图根本看不出一卡二卡

###

"," Negative
"
"不太好过，我办之前有工农建中邮，第6行推民生，申请过了5天才电话征信，问的很详细，当天过了，下卡3万，因为去年疫情过了1个多月才去网点激活，5天后自动提额到3.6万，就...

###

"," Negative
"
"广州这边也是这样的，理财经理见不到100砖就跟你讲星星，要是看到有100砖了就像舔狗一样立马把你当大爷伺候着！

###

"," Negative
"
"当然是拿来买基金啊，白嫖多香。

###

"," Positive
"
"不会。基金需要长期持有

###

"," Neutral
"
"今天用了，秒批，平安的哦

###

"," Positive
"
"征信真的干净，很棒，房贷征信上是不会出岔子的，卡也不少了，申卡没瘾的话不用申了，贷后忽略的话你看看自己几个查询，优秀。...

###

"," Neutral
"
"工行:2.8w-20.4月4w降

###

"," Neutral
"
"分期大法跟风下卡50000，普提一次，65000。

###

"," Neutral
"
"靠，白金卡还有这福利？我特么金卡就只有一句生日快乐，早知道办个白金了

###

"," Negative
"
"48期可以了，我18个想分36期招商都不同意

###

"," Negative
"
"网申c标白下了1.8W。连买个全幅单反都用不了…服了…

###

"," Negative
"
"我还要倒霉，她妈的给我打电话现金分期提额，都谈好了1万分18期....结果不通过卧槽了真的见鬼了

###

"," Negative
"
"去年这个时候看论坛民生满屏的提额，二连三连的一大片，忍不住网申了标白，秒批三万，批卡倒是挺赞的，问题...

###

"," Positive
"
"正常现象，白金以下复习大概4周，加上元旦，3号申请8号领

###

"," Neutral
"
"民生真的不错

###

"," Positive
"
"推荐五到六个银行吧，兴业绝对是良心

###

"," Positive
"
"拉卡拉还封顶啊？那不错啊，我也是20万，准备4万一刷，分几次刷出来。没出现什么问题吧？

###

"," Positive
"
"支付有礼活动不会是短期活动吧？

###

"," Neutral
"
"mark，其实去买招商的基金还是不错的

###

"," Positive
"
"各位路过大佬知道吗，额度怎么提的快

###

"," Neutral
"
"俺批了两万美滋滋。。

###

"," Positive
"
"唉兄弟，逾期3万，我一个月存1000。

###

"," Neutral
"
"建设银行提额很慢的……

###

"," Negative
"
"没办法，人家广发银行可神气了，欠钱没还是我不对，但是他们就差趾高气昂的对着你说你这是国家款，不还钱你就等着律师函吧，你想分期也不给你分期，反正只想赚钱，真为中国有这样的银行感到耻辱

###

"," Negative
"
"现在招商都要打工作电话核实，只要工作没问题就行，

###

"," Positive
"
"有足额工资流水或者砖就可以

###

"," Neutral
"
"招商银行的积分更好用

###

"," Positive
"
"客服怎么说？我看我的也是这样半天没反应。等的很着急啊

###

"," Neutral
"
"进度显示已下发了，是不是稳了

###

"," Neutral
"
"但是很烦，我基本不用。反而主卡招商的几千几万的刷也没事，兴业的也办了快三年了，用户体验也不怎么好才注销的

###

"," Negative
"
"不用人神共愤，大妈愤就够了。

###

"," Negative
"
"都有，放心吧，招行服务还是很好的

###

"," Positive
"
"最近又申请成功了工行香格里拉白

###

"," Neutral
"
"现在查到了，显示录入，开心的

###

"," Positive
"
"工行信用卡提额是最给力的，不要担心结果

###

"," Positive
"
"不错了，说我额度使用率低不给我提捏！我看别人一个月几块钱的消费不照样提

###

"," Positive
"
"一样下卡三千，一年才首提

###

"," Neutral
"
"你要随便填一个单位吗？

###

"," Neutral
"
"广东能给你都不错了，0755基本不给:L

###

"," Positive
"
"我的也是三个法案逾期了，让我先交最低的再分期。

###

"," Neutral
"
"用拉某拉小心被降额，经常跳码跳加油站超市。换个其他的

###

"," Neutral
"
"我比你狠，你是因为征信降一半，我是因为套现被一刀撸了

###

"," Negative
"
"下了，应该很快就会收到信用卡

###

"," Neutral
"
"安全激活非常简单。也可以去郑州。交通便利?在郑州

###

"," Positive
"
"你可以关注微信里的招商银行信用卡公众号，查询，也可以登录手机银行app信用卡查询进度，过指定过了，它只不过有3-7天制卡期和邮寄

###

"," Neutral
"
"激活之后随意加办金普卡不查征信

###

"," Neutral
"
"一百多还要打电话问，邮政就是麻烦，要和影要拍签字照

###

"," Neutral
"
"2019卡3万元，2020年12月注销，2021年12月注销

###

"," Neutral
"
"恭喜提鹅

###

"," Positive
"
"这个提示很温柔，建设还是可以的

###

"," Positive
"
"哪里申请啊中国工商银行app里没找到

###

"," Neutral
"
"别的卡我不知道，我朋友平安35k冷冻一年没用卡，直接降到3k

###

"," Negative
"
"招行APP做的确实比那些带中国的好不少

###

"," Negative
"
"是的，我不能上去，但我怕以后不会怀恨在心。卡

###

"," Negative
"
"你面签审核好快。我的还没审核呢，资料处理中

###

"," Positive
"
"你都十行卡了??建行卡基本无望了

###

"," Negative
"
"就这种，建设银行的基金就很给力的

###

"," Positive
"
"协商试试，上次浦发的协商成功了

###

"," Positive
"
"会真的上门吗，会联系紧急联系人之外的人吗

###

"," Neutral
"
"现在改名叫银保监会了??这事应该是银保监会管

###

"," Neutral
"
"今天看进度都是，提额应该很快了

###

"," Positive
"
"那我网上申请，激活的时候还是要被刁难。这也太离谱了。

###

"," Negative
"
"今年准备买房了，老爹要退休了让我做主贷人，拉了一波征信，我这种情况，房贷应该很快下来吧

###

"," Neutral
"
"建行下卡33k，不错吧

###

"," Positive
"
"交通注销了不是记仇吗？你资质很好?几行了?

###

"," Negative
"
"不错了年龄那么小就有那么多卡就不错了，好好用

###

"," Positive
"
"点击获取验证码，会弹窗口，才输入你的手机号码

###

"," Neutral
"
"点好了，固定第二天才会同步，我也没专享额度

###

"," Neutral
"
"是每期都要利息和分期费吧？

###

"," Neutral
"
"Aaa查看激活卡号，在微信激活，微信直接用卡号绑定

###

"," Neutral
"
"2年没提吗，还是3k，招行个渣渣

###

"," Neutral
"
"不秒拒机会很大，我跟我哥都是昨天申请的，我申请的苏宁易购，他申请的英雄联盟刚才都通过了

###

"," Neutral
"
"牛批泼辣死，工行每次都很牛的

###

"," Negative
"
"招商黑羊金12k—14k—18k—22k—29k(19.4—19.7—19.10—20.04)

###

"," Neutral
"
"首卡能看到额度？

###

"," Neutral
"
"其他野鸡行全已销户

###

"," Negative
"
"楼主怎么出的预审批？买的基金多少啊？这4个月预审批就是一直是1W吗？

###

"," Neutral
"
"额度没出，刷5次免年费，销了黑白菜用这个（没实体卡的话）+实体普卡，权益额度可以

###

"," Neutral
"
"微信关注深圳信访??我要写信，开心一下

###

"," Positive
"
"兴业一生黑

###

"," Negative
"
"亏死了，撸一万就要60手续费

###

"," Neutral
"
"额度多少，老哥！

###

"," Neutral
"
"我也有推荐名额，但是觉得不靠谱，怕派人。

###

"," Negative
"
"异地前缀激活了，舒服

###

"," Positive
"
"城市里所有银行都在你附近，你可以去百度找工作。心累啊

###

"," Negative
"
"恭喜，社保基数不低吧？

###

"," Positive
"
"有小字都是一万.我下了8000帮我一起骂吧我的也没到，坑不坑

###

"," Negative
"
"额度高有屁用，就好像借了不还似的！

###

"," Negative
"
"深圳也是啊，开始说单六星就得了，后来填表要见到100砖，太坑了

###

"," Negative
"
"提前恭祝楼主下卡，下来了，通知一下，我好看看有没有水，好嘛

###

"," Positive
"
"恭喜恭喜！白金了么？

###

"," Positive
"
"你这操作就叫做不知好歹，不先掂量下自己的资质。

###

"," Neutral
"
"大妈小昭贷款方便！中行活动划算

###

"," Positive
"
"明天我就要去激活顺德农商了

###

"," Neutral
"
"目前还没有，但说就是这两天，应该很快了，等着吧

###

"," Neutral
"
"我的12万网捷贷目前逾期，打总行说问放款行，打放款行他们也不知道，太特么难了，

###

"," Negative
"
"看了建行是你的真爱了！不过建行确实好用！

###

"," Positive
"
"招商银行信用卡是好卡，用卡的朋友里大部分都推荐招商银行信用卡，简简单单三个月，一提两年之内毕业，临时额度可以到固定额度的2.5倍，好好用，绝对是一张好卡

###

"," Positive
"
"都是垃圾银行，农行??民生留下，其他全销

###

"," Negative
"
"招行活动多，给你撸羊毛还不好。我是想要它家白金卡都不够格。招行信用卡不说多，一年最少最少3、500羊毛有的

###

"," Positive
"
"建行四大行之一，龙头企业，银行界的翘楚，所以建行在积分兑换这块，我觉得还不算吝啬

###

"," Positive
"
"问了个中介说他有办法把快贷申请下来，我不是很相信

###

"," Negative
"
"可能这就是命吧，首卡3k二卡3k，三卡3k

###

"," Neutral
"
"毕业生信用卡额度不高，同时征信会记录从你花第一笔信用卡开始的所有信用卡消费，一旦逾期，就完蛋了

###

"," Negative
"
"我的临时前几天没了，心累啊

###

"," Negative
"
"估计是的了，我在掌上生活看到优惠了

###

"," Neutral
"
"Young卡是一张面向年轻人的信用卡，申请年龄限制在30周岁以下，这张卡的申请门槛相对比较低，容易下卡

###

"," Positive
"
"我用的是现金分期，现在暂时一年没固定，之前也没提。

###

"," Neutral
"
"可以提，行数不多负债不高招商提额很稳

###

"," Positive
"
"朋友你这三个500是什么时候什么时候的？当我发现的时候，心累么

###

"," Negative
"
"不同意银行都这样，伤心

###

"," Negative
"
"建设喜欢平均额度高一点点但是一般不会仿别的银行的！你卡额度不低一般都会在我说的那个额度浮动吧！不过你也可能像别的卡友下卡6万以上！！今天去面签看下吧...

###

"," Neutral
"
"这么优秀

###

"," Positive
"
"进度显示已经发了，就是不知道额度

###

"," Neutral
"
"建议办张招商银行或者广发银行信用卡，商业银行信用卡比四大国有银行卡活动多点

###

"," Neutral
"
"不会养?需要卖卡重申，额度也不错的

###

"," Positive
"
"还有，如果银行逾期或者应该换种方式封存卡，不影响其他。

###

"," Neutral
"
"你单位和住址都前缀省会了吗？另外你去激活的时候，有要求填写地址吗？难道也是重复前缀地址填写？

###

"," Neutral
"
"招商证实不行，

###

"," Negative
"
"等三倍提吧，我也是3000，好无奈

###

"," Negative
"
"不错不错提额方面有什么心得体会吗想学习一下

###

"," Positive
"
"这么惨的嘛，一直都批的额度很低

###

"," Negative
"
"开卡就要收取这笔费用，我这几年开了多少张卡，在有这个app之前，还真没有注意到这一点，我简直要疯了

###

"," Negative
"
"塑料管很满是个什么意思:L

###

"," Neutral
"
"我昨天拿到卡15000，等下去激活

###

"," Neutral
"
"出数字不管临时和固定都稳的很

###

"," Positive
"
"2.5的利息，真爽

###

"," Positive
"
"中国银行这么好下？

###

"," Positive
"
"活着真累.以贷养贷.贷贷相传。

###

"," Negative
"
"没有，是个储蓄卡，当然如果里面有更多的砖，我就分开说?

###

"," Neutral
"
"一般体制内企业、世界500强，中层干部以上。50万年薪加持。额度会低么

###

"," Negative
"
"优质客户，57000额度，额度美丽

###

"," Positive
"
"是，但不能拉平

###

"," Neutral
"
"招行信用卡是很多人的第一张卡，是因为它的确是有很多优点。

###

"," Positive
"
"招行逾期保险，但是卡用户还是要买一个..

###

"," Neutral
"
"我办理的第一张工行信用卡就是分期卡，当是只给了1万额度，又申了一张军魂卡，给提了1万，算是曲线到2万。分期信用卡额度不够1万是不能办E分期的。我媳妇工行首卡额度30...

###

"," Neutral
"
"不需要??直接去中信银行办一张储蓄卡??直接放款就出来了??第一次见有人25万额度的??牛逼

###

"," Negative
"
"可以多刷，刷到80%额度时。立即还完中间隔一天后继续刷效果也不错！

###

"," Positive
"
"去年这个时候看论坛民生满屏的提额，二连三连的一大片，忍不住网申了标白，秒批三万，批卡倒是挺赞的，问题是一年了，临时现分都没见过，各种姿势用尽，除了没搬砖偶尔没接...

###

"," Positive
"
"我打电话投诉了。网点让我星期一去办，这浦发真的是非要投诉才可以

###

"," Negative
"
"业务员上门来办理的，非常方便

###

"," Positive
"
"有，刚看到有两个套餐版本，还是很适合上班族的，招行的卡很手欢迎

###

"," Positive
"
"云闪付可以看得到

###

"," Neutral
"
"民生要求不是很高吗？、、、黑户也能过？我想送我的头?

###

"," Negative
"
"把卡放家里让别人帮刷，这样额度也很快长起来

###

"," Neutral
"
"不在黑屋也不提，去注销了吧

###

"," Negative
"
"销，注销算了

###

"," Neutral
"
"平安的备用金太坑别用，我提前还了扣了3%，打电话怼回来了

###

"," Negative
"
"这是那个卡种啊我也去试试

###

"," Neutral
"
"房产净值255??还是总值255??这条件不错了啊??应该能过吧

###

"," Positive
"
"以后不打了吧。哈哈，我以为我套100多都被监控了。太坑了

###

"," Negative
"
"我没用过，所以也不太清楚，可以在论坛里搜一下这方面的帖子

###

"," Neutral
"
"你要把民生撸破产吗

###

"," Negative
"
"兑礼品。充话费试试，各种羊毛都可以薅起来，超值

###

"," Positive
"
"我注销了，410省份网点核身太麻烦，要么工作地和户籍地一致，要么户籍地是网点所在城区。上面两点有任何一点不符就必须在工作地所在的网点带工作证明才能面签。我户籍许...

###

"," Negative
"
"很多卡友看给了临时就用了，其实建行用了临时会延长提固定的周期的。

###

"," Neutral
"
"有讲究吗，直接去线下支行找还是咋找。浦发的支行都好少的

###

"," Neutral
"
"爱几把降就降，不敢用了，惹不起，还不如好好养招商

###

"," Negative
"
"我等了17天了。。。太慢了

###

"," Negative
"
"当月帐单只有五百多块RMB也有客服打电话让你分期，可以想像中信有多差了么？

###

"," Negative
"
"啥活动，兴业最近是啥活动

###

"," Neutral
"
"基本能过，兴业的卡是非常好批的

###

"," Positive
"
"傲娇的银行，现在我都不敢申请，哎，之前招行还是不错的

###

"," Positive
"
"广发银行的卡千万别办，风控很差，出了事情根本不管你死活

###

"," Negative
"
"试试？是不是秒批？中信必须秒啊

###

"," Positive
"
"延期20天左右，也算给点时间吧，交通还是很人性的

###

"," Positive
"
"恭喜，怎么看临时固定额度

###

"," Positive
"
"密码器不要钱吧？前年柜台办理u盾客服说过时了半个密码器好了，而且没花钱，送的啊

###

"," Neutral
"
"我也是不明不白掉进了广发这个坑，本金额度41000，最近才发现说我欠7万多，有3万是分期额度。我完全不知情，不知道怎么维权...

###

"," Negative
"
"说明资历还是不错的

###

"," Positive
"
"你对砖行算是有情有义了，倒是砖行对你不仁不义，销得漂亮不惯它！

###

"," Negative
"
"应该就是吓唬吓唬你吧

###

"," Neutral
"
"不用拿财力证明什么的吗，我想整个高额度的卡

###

"," Neutral
"
"我傻逼的打过去想解除风控！

###

"," Negative
"
"千三的啊，额度太低了

###

"," Negative
"
"国内用可以再申请个中行0001，或者冬奥，撸5倍积分也很香。中行批招行不批可能是中行交集流水理财相对更...

###

"," Positive
"
"哪个卡？

###

"," Neutral
"
"圆梦金吧？

###

"," Neutral
"
"我已经还了2.5个利息了

###

"," Neutral
"
"7-15,天，我都民生钻石卡还没拿到{:2_183:}，平安最快，顶多三天。

###

"," Positive
"
"我的就是网贷逾期给我一次次的降额，现在降到三千没降了，今年打算销卡了

###

"," Negative
"
"二类卡可以办这个吗？工行的

###

"," Neutral
"
"没什么用提额照样拒绝

###

"," Negative
"
"这坑我跳了，也顺便提醒一下大家吧，当然头铁的我没意见

###

"," Negative
"
"标准白吧

###

"," Neutral
"
"诈骗被封卡了，可以去柜台取钱后销卡，终生不能用招商。

###

"," Negative
"
"有好消息通知下，交通银行的添利系列还不错的

###

"," Positive
"
"为什么我是800？是的。手续费有点高啊

###

"," Neutral
"
"冲啊兄弟们！这个活动很给力

###

"," Positive
"
"不知道，看银行兴致，她们开心就高

###

"," Negative
"
"云闪付有定制的金白菜

###

"," Neutral
"
"大黑屋一般两年，我就是大黑屋，刚出来，刚好是两年，太坑了吧

###

"," Negative
"
"真的不如以前了。

###

"," Neutral
"
"利率不错，可以撸

###

"," Positive
"
"民生还是很香的，

###

"," Positive
"
"批次5k，用的是彩蛋，开心啊

###

"," Positive
"
"去申请了 借呗，花呗，金条，白条，分期乐啥的都借过，征信应该很花，但是没有一笔逾期记录 保持的还是很好

###

"," Positive
"
"申卡行是怎么知道他行是什么卡呢？征信不显示卡种啊

###

"," Neutral
"
"我5万额度，5w挡

###

"," Neutral
"
"工商银行的信用卡是经典信用卡中的常青树，在工行区的讨论热度也是常年TOP 1。

###

"," Positive
"
"这个靠谱吗？工行的那个还比较靠谱

###

"," Positive
"
"[捂脸]消费达标，下个月月底前，系统扣除，短信发送兑换码，我办了招行哔哩哔哩联名卡，平安联名储蓄卡，这个建行卡是最慢的…

###

"," Negative
"
"我做过2次现金分期，特么钱一直在储蓄卡里，发风险短信来说我违规操作。。立马打电话过去怼，现在打过来要办业务的，通通怼回去。恶心...

###

"," Negative
"
"没告诉你原因?为啥额度这么低

###

"," Negative
"
"雪狼用着10家银行信用卡，觉得招商银行的信用卡app“掌上生活”是体验感最好的，没有之一！其界面简洁，非常容易上手，也没有那么多广告

###

"," Positive
"
"民生很看重地区，有点看不起农村人哈

###

"," Negative
"
"我前年也是这样，本来有2万多，一刷提示余额不足，一看，我靠，负3万多，说是给的临时额度收回了，我说我怎么不知道，他说是给在卡上的总额度，收回了就变负的了，反正理不...

###

"," Negative
"
"二卡共享额度，首卡也不难，这是小白金没什么权益

###

"," Neutral
"
"不减免能分期也行，你需要提交什么资料吗？

###

"," Neutral
"
"和小招的已婚美国运通卡

###

"," Neutral
"
"App上有额度

###

"," Neutral
"
"垃鸡已经被很多行都干了，换新嘿嘿嘿，小额多笔。

###

"," Negative
"
"恭喜，主要我还一张信用卡没有，我寻思有一张我好好养着

###

"," Positive
"
"这有什么说法吗？不应该是银行官方说么，太坑了吧

###

"," Negative
"
"民生还是很容易提的，多刷就能提，风控也松

###

"," Positive
"
"上班的地方有招商，直接叫卡员过来，比较快。

###

"," Positive
"
"你信用卡额度多少，我想要装修和车的额度

###

"," Neutral
"
"招行客服就一直很好，处理很迅速，他们app上内容也设计的很好很丰富，我挺喜欢。

###

"," Positive
"
"不懂别瞎说，这个只需要云闪付付款就可以抵扣了，元旦的时候我兑换了云闪付红包在华润苏果超市买了个炒锅

###

"," Positive
"
"民生是越来越辣鸡了。准备注销了

###

"," Negative
"
"我这个升上来了，就提了一次，上个月还有13k的推荐固定呢，昨天没了，今儿出来变成11k了，太牛马了

###

"," Neutral
"
"5月份参与了5万档一共抽了380块，招行的活动很给力哦

###

"," Neutral
"
"去网点。?网点办信用卡很靠谱

###

"," Positive
"
"我是刷一万返20-300??结果是20，太坑

###

"," Negative
"
"不值钱招行的额度太低

###

"," Negative
"
"中行就那么香么？

###

"," Positive
"
"浦发和交通是最好过的，即使征信花有网贷都能过。

###

"," Neutral
"
"信用卡平准，与荣e共享信用额度，若荣e信用额度降低，

###

"," Neutral
"
"出账后，全额账单分期本期是不用还的

###

"," Neutral
"
"招商的很容易下卡啊，你是不是哪里没填对啊

###

"," Positive
"
"下卡喜提1800元年费

###

"," Positive
"
"恭喜恭喜，小招终究是想起你了！

###

"," Positive
"
"还是给你提了的哇?只是你不满意

###

"," Negative
"
"你这样的话，看能不能跟银行协商，开非恶意逾期证明吧，不然的话，估计难批呀。现在是真不好说，被拒的可能性很大。...

###

"," Negative
"
"卡多不好批??。我15.8额度，申了两次没有批，就因为多头授信。

###

"," Neutral
"
"天天打电话有点烦。招商

###

"," Negative
"
"看不起谁呢，提额这么难

###

"," Negative
"
"目前就觉得招行福利挺好，但是建设银行JOY信用卡

###

"," Positive
"
"广发除了有优惠之外没啥可取之处，积分不能兑换东西，还款日还没到就开始疯狂给你打电话催收，客服态度也贼差，至今还没在广发遇到一个态度好的客服

###

"," Negative
"
"想着有没有破解500限额的，或者大笔过的。这样天天折腾也不是个事吖。

###

"," Neutral
"
"打电话叫我去办，狗日的，没办下来，说我卡太多，哈哈。当时是15W分期通。

###

"," Negative
"
"没必要，免费给个年费，你钱多吗

###

"," Neutral
"
"讨厌一天到晚做广告的ID

###

"," Negative
"
"银行多久向法院申请冻结储蓄卡有什么提示吗

###

"," Neutral
"
"激动，刚秒批了菜金卡5k！我刚看了手机银行预审批2.6w去申请了秒过1.3已经到卡了，2年前交通3.6逾期！去年也申请过卡秒拒...

###

"," Positive
"
"工行不错。

###

"," Positive
"
"亲哥40k，开心的不行了

###

"," Positive
"
"我已经下来了！审批通过了，预审批没用了

###

"," Positive
"
"铁公鸡这波操作，主要就是敲山震虎！

###

"," Negative
"
"如果发送号码正确！那一定就是对了，太开心了吧

###

"," Positive
"
"快申请实体卡恭喜

###

"," Positive
"
"我有个朋友还完分行直接让你去销卡！牛不牛，兴业的

###

"," Negative
"
"看了你帖子大概率要套路。。

###

"," Negative
"
"可是管理费怎么办呀？信用卡的管理费加起来也不少啊

###

"," Neutral
"
"求上帝回复，如何提升额度

###

"," Neutral
"
"了解了，我买的工行的基金还不错哦

###

"," Positive
"
"1号到现在都没更新，还没制卡，凉凉

###

"," Negative
"
"建行5万后很难提额了，出临时有什么意义呢，和固定没什么关系

###

"," Negative
"
"三无人员，那就是体制内？不然能让你申请？太可怜了

###

"," Neutral
"
"过了，面签就行，太开心了

###

"," Positive
"
"达不到啊。所以一看到也吓一跳

###

"," Negative
"
"招商银行羊毛多，办了信用卡可以薅更多

###

"," Positive
"
"我司一台破电脑，下载招商天书那个文件，打开都可能死机

###

"," Negative
"
"额度报喜

###

"," Positive
"
"v，多交流交流经验，基金是咋赚钱的啊

###

"," Neutral
"
"羡慕，可能上个月申请多了。上月连续下了浦发广发华夏交通。这个月申请建行，农业??邮储各种秒拒，买了点建行理财，3个月后在看...

###

"," Negative
"
"三天能进入真正的审核流程就不错了

###

"," Positive
"
"销卡后45天后等征信更新再申请

###

"," Neutral
"
"利息那么低，牛皮

###

"," Positive
"
"经典白生日当天可以10倍积分呢

###

"," Neutral
"
"怎么提交流水？

###

"," Neutral
"
"用容易借申请卡就行??我容易借1w??下卡2w

###

"," Neutral
"
"卡员上门一般比较靠谱

###

"," Positive
"
"你要是资金紧张的话分期肯定是划算的，客服打电话来我一般都不鸟她们。自己app上都操作了

###

"," Negative
"
"我现在有个工行白金10万永久额度??建行4万??邮储金卡2.5万??邮储刚用半个月??能不能申请鼎致白金？知道的给个建议

###

"," Neutral
"
"为啥呢，我提额还是比较顺利的啊

###

"," Positive
"
"没有，就来短信，或者电话就很方便

###

"," Neutral
"
"建行的提额，所有人都很迷糊。

###

"," Negative
"
"走无卡通道申请二卡，多搞点卡

###

"," Neutral
"
"这个限时开放是什么时候？

###

"," Neutral
"
"怎么可能不上征信预期就上可能没更新而已

###

"," Neutral
"
"恭喜楼主通过审核，您的卡片额度为50000祝你用卡愉快

###

"," Positive
"
"销了，过几年再申吧。养不动你还刚啥，累得慌。

###

"," Negative
"
"中行这个还不错，五次刷免，不知有没有实体卡。

###

"," Positive
"
"你说的怎么像是招商银行的错似的，是你逾期了，人家才不给你分期的好吧

###

"," Positive
"
"运气真好，1999是银联的

###

"," Positive
"
"用了几年了，还是一万，还不让提额

###

"," Negative
"
"这招行钻石卡怎样办下来？

###

"," Neutral
"
"估计不影响，我去年办的工行房贷，办理之前首付还差点，就用了中信的新快现，分了12期，贷款也过了

###

"," Positive
"
"小昭不到60k不申卡

###

"," Neutral
"
"学信网毕业了再试试，就不用担心额度的问题了

###

"," Neutral
"
"办信用卡，除了四大国有银行（中国银行、工商银行、农业银行、建设银行），平安银行和招商银行也不错。

###

"," Positive
"
"支持反正汇丰是对我最好的银行对我好的在我心里就是好的

###

"," Positive
"
"光大│福卡13K

###

"," Neutral
"
"卡多负债高，只能销卡降负债。

###

"," Neutral
"
"卡员透露公积金/社保/税单，只要满足18万以上年收入，不用看企业资质就能

###

"," Neutral
"
"现在借记卡管得严。你下次直接说想办个工资卡就行了。有个工作证明就没问题

###

"," Neutral
"
"看不起谁啊是吧，工商银行给注销了

###

"," Negative
"
"哈哈哈，我的兴业随便一申请就是50K

###

"," Positive
"
"好的那我就先不申请，耐心等待

###

"," Neutral
"
"两种，一种是消费三笔，年费会员，前八万名，另一种消费2w，前两万名，都可以领年费会员，也就是说可以刷两年的会员出来，另外强烈推荐招行的哔哩哔哩联名卡，好看太多了，建行app简直是灾难

###

"," Negative
"
"主要是闲着没事??又不用花钱??申请一张玩，享受下福利，还是不错的

###

"," Positive
"
"不用担心，你去面签后直接下卡出额度了。小招不一样，面签没那么多幺蛾子。

###

"," Negative
"
"请问这种鸡怎么截屏的啊，完全搞不懂，心累

###

"," Negative
"
"是不是来水了，一会儿看到两个手动提额成功了

###

"," Neutral
"
"能办下来的就不是事儿，很多地方都不给办了

###

"," Neutral
"
"我在学校办的下卡5000，工作后更新信息直接1.5w，工作半年涨到1.9w了，临额4.5w，可我还是觉得好慢[捂脸]

###

"," Negative
"
"简单，协商很快就行。你自己态度要好，但要强硬。多打投诉电话，不要和催收多bb

###

"," Negative
"
"收卡地址所在的省份，个别省有的市不归省分行管

###

"," Neutral
"
"这个麻烦怎么办？?分期都分不了

###

"," Negative
"
"我1W都卖了，三年没提了，额度低就这样吧

###

"," Negative
"
"他赚3600。别问我怎么知道的，我就普惠前员工。太坑了

###

"," Negative
"
"我的也秒到了，我是为了信用卡提额，我现在可以把融e借还回去不？还是要转到其他人的账户再重新转回来？

###

"," Neutral
"
"银行利息还可以

###

"," Positive
"
"用中行的比较稳妥

###

"," Positive
"
"手机号你不用自己的几个意思了，想诈骗么

###

"," Negative
"
"网贷逾期过，这也能算良好？下5w不错了

###

"," Positive
"
"需要看看银行，招行就可以了

###

"," Neutral
"
"我感觉不会，之前也用过，该提就给提，额度还是不错的

###

"," Positive
"
"隔天才可以看??不过款是扣了。兴业要不要这么坑

###

"," Negative
"
"13万，24期一个月5500。还不上啊。我不止一个，还有支付宝花呗，借呗。还得房租，老人生病每个月也要花钱...

###

"," Neutral
"
"中信银行的送礼速度很慢，最早也要2个多月。

###

"," Negative
"
"如果只打算精养几张卡，征信又没有网贷记录的话，建行还是可以的，好好用建行还是可以半年左右一提的。

###

"," Positive
"
"为什么我没有预批额度看不了了呢？

###

"," Neutral
"
"你是没有白金卡吧？任意下一行真白金卡可以破，这是征信等级限制，白金不行，申钻石，卡等级越高，授信就越高！

###

"," Neutral
"
"我也是在0322网点申请的。半个月都是这样。当时我等了十几天就发到我单位了，效率还可以吧

###

"," Neutral
"
"很久以前开了个所谓招行金卡，没啥卵用很久没用了，昨天突然想起拿来收了200多

###

"," Negative
"
"没钱还一直拿大笔钱填利息手续费。不是个办法

###

"," Neutral
"
"注销一个工行信用卡（2万额度）何其难！

###

"," Negative
"
"羊卡吧，young卡还是不错的

###

"," Positive
"
"一年了一毛不提，建设银行的哦

###

"," Neutral
"
"额度6万之前，同样的工具，同样的方法，招商的提额速度明显比中信快很多。

###

"," Positive
"
"黑屋了??当然提不了，伤心啊

###

"," Negative
"
"上门后一周拿到卡了，伐开心

###

"," Positive
"
"冲动，当时招行给我10万还很开心

###

"," Positive
"
"那时手里还是张普卡，刷了两年不到三年，额度就登顶毕业了。

###

"," Positive
"
"一个月转转限额100万，去补个盾还没有，真是店大欺客，废了以后改用招商方便，服务也好

###

"," Negative
"
"已经很不错了，多提几次就毕业了

###

"," Positive
"
"香白3136环球双M，结果今天去领卡，是国航白，无语！不知道是不是柜台人员操作失误了国航白有没有必要留？

###

"," Negative
"
"你别忽悠我，吓死我了，这管理费。连续6个月同名下总资产额在1000万（含）以上，免收管理费；800万（含）-1000万，管理费是1000元/月；800万以下，管理费是4000元/月。...

###

"," Neutral
"
"再给你补一张，不同入口进入代码还不一样，我也是笑了，不靠谱啊

###

"," Negative
"
"恭喜下卡！推了几次都没推倒

###

"," Positive
"
"老哥那个地区，0755可以上门给你办理

###

"," Neutral
"
"华夏这么低啊？真没见过啊

###

"," Negative
"
"来签到了，薅羊毛很开心啊

###

"," Positive
"
"为什么会被冻结？

###

"," Neutral
"
"哎，为什么我有预批金额，贷款被拒？

###

"," Negative
"
"三楼你把问题说清楚我好解答你！说不清楚，心累啊

###

"," Negative
"
"已经卡联系我了，开心

###

"," Positive
"
"没就没了呗，你又不买车，额度够了就行

###

"," Neutral
"
"我手持鸟白，还不是二十几个就提示汇总过高了

###

"," Neutral
"
"请问已经按要求消费三笔，等了1天哔哩哔哩会员没消息，不会过8万吧，呜呜呜，有无收到的告诉一下一般多久收到，很焦虑

###

"," Negative
"
"我现在想再办一些其它行的银行卡，忌讳多头授信，而且信用卡太多，银行每年都查我征信，过几年以后可能还需要办银行贷款。

###

"," Negative
"
"你好请问你的钱取出来了吗，哈焦虑

###

"," Negative
"
"拢共分三步：1）接30容易姐出来，调平额度到30。马上还清。2）再借20出来。调平额度到50，再还清。3）拍拍手，收工！...

###

"," Neutral
"
"不用担心黑房子，好像黑房子还在提金额

###

"," Negative
"
"刚才收到了新卡片，正准备激活，发现我这个破信用卡，竟然是每年2500元年费的白金卡，omg!

###

"," Negative
"
"看看我的，平安对我还不错，哈哈哈

###

"," Positive
"
"好提，半年就有惊喜

###

"," Positive
"
"工行打电话力推信用卡分期还款，我没同意

###

"," Negative
"
"下卡就是优质的祝贺你在建党100周年的日子

###

"," Positive
"
"太坑了麻蛋一次性扣了我750多取消不了日

###

"," Negative
"
"我工资卡也被锁了，好烦躁

###

"," Negative
"
"平安激活是在vtm激活，大堂经理合照，连可视电话，也就几分钟吧

###

"," Neutral
"
"不错不错，继续刷好了固定也跟着出来

###

"," Positive
"
"信用卡被盗刷一次你就会恨死工行

###

"," Negative
"
"0.55的费率赚不了几个钱，只能挣点积分吧，你5k的卡刷15万，容易搞废卡啊！

###

"," Neutral
"
"逾期太多了，通过几乎没可能

###

"," Neutral
"
"我的提了，2个月了都，平安还是挺快的

###

"," Positive
"
"泰州银行周五提交的，今天，卡后出来最后四位。不知道有多少

###

"," Neutral
"
"线下这速度也够快的了

###

"," Positive
"
"过了还款日就停了，账单日第二天会更新的

###

"," Neutral
"
"是不凉了，已经当他拒了，一般不秒批或隔天批，基本凉了

###

"," Negative
"
"我在成都，帮朋友申请，过了好几个，有个无业的都8张卡了。厉害不

###

"," Neutral
"
"建行快贷真是个好东西！

###

"," Positive
"
"530Li领先型豪华指导价46.19万，太贵了

###

"," Neutral
"
"2、当投资收益率高于 14% 时，收益/收入&gt;1, 投资收益率相比工作收入对财富积累的贡献度将更高。

###

"," Neutral
"
"什么时候多少钱我用了几次一直没收到

###

"," Neutral
"
"白金信用卡，尊贵持卡人，额度100元，年费300元。。。来论坛也有一段时间了，我只服楼主。

###

"," Neutral
"
"我准备消失卡，还有一点惊喜。明白了，谢谢。

###

"," Positive
"
"发誓绝对是最难提额卡！

###

"," Negative
"
"有的客服说话不过脑子的，像浦发的就是

###

"," Negative
"
"加我，我帮你出方案，靠谱的

###

"," Positive
"
"老凡尔赛了,华夏40万额度

###

"," Positive
"
"但是就不给提。就有点尴尬了，都几年了，额度还是很低

###

"," Negative
"
"恭喜楼主，这提额幅度，摩拜！

###

"," Positive
"
"广发银行信用卡在我们大学弄免费办理，还送一箱AD钙，感觉怕是骗人的，有点怕是诈骗的

###

"," Negative
"
"可以延期，看运气，我的延期了几次，还挺满意的

###

"," Positive
"
"我去弄工行也是，10行，57W，怎么申都不下！

###

"," Negative
"
"一星 首开卡给了50000…懵逼了

###

"," Negative
"
"先协商了一下，然后抱怨道。目前这是唯一的办法

###

"," Negative
"
"看商户的。所以多刷几家，这样额度也提的快

###

"," Neutral
"
"棒棒哒??你是写疫情的原因么??我现在也逾期了??也想这样做??也不知道可不可以??希望你能指点下谢谢啦

###

"," Positive
"
"中行都能到19W？这得多优质才行！！！

###

"," Positive
"
"。我讨厌，基金搞了好久都亏，哎

###

"," Negative
"
"恭喜，慢慢养卡。

###

"," Positive
"
"我靠，四大最耐撸，不不，天朝最耐撸的中行也这样了吗？

###

"," Negative
"
"季日均，这砖一个月就行了，开心，哈哈哈

###

"," Positive
"
"400转人工问，就说已经面签核发了，我压根就没收到，郁闷

###

"," Neutral
"
"有鼎雅还要小熊干嘛

###

"," Neutral
"
"现在房贷利率好高啊！三十年利息都够本金了

###

"," Negative
"
"工商的盾确实是太贵，还不如邮局20块

###

"," Negative
"
"你放心，不去你办公室，你让业务员过来哪里，然后业务员就会去的，毕竟他是有钱拿的，还是很开心的

###

"," Positive
"
"好吧，那真的很奇怪，刚放钱就审批，不放就一直是正在审批中，也是很无语

###

"," Negative
"
"楼主分享下光大积分怎么搞，想申请孝心白，怕搞不到积分，微信支付宝支付有积分吗，线下刷卡只要不是被拉黑的收单机构，都有积分吧...

###

"," Neutral
"
"以前的招商很好提，现在没有那么好提了，当初下卡8000

###

"," Positive
"
"等待期间你可以干些其它事情啊。

###

"," Neutral
"
"顺德农商_14k

###

"," Neutral
"
"另外一个可选择的：广发白金，额度高，权益好。活动期内不用刷，绑定vx，zfb即可免年费。

###

"," Positive
"
"怎么刷的谢谢告知

###

"," Neutral
"
"你这征信，难。。。养养再搞吧

###

"," Negative
"
"宁可账单分期，也不要现金分期

###

"," Neutral
"
"代发就能过啊？那说明是资质不错的，一般银行都会批信用卡的

###

"," Positive
"
"抱着试一试的态度结果过了已经进行到这步大概几天到呀好像同

###

"," Neutral
"
"在下萌新新办首卡

###

"," Neutral
"
"平安银行是吸血鬼?

###

"," Negative
"
"刷完了，如何通过提供真实消费券解决，兄弟

###

"," Neutral
"
